{
    "epoch": 2.0,
    "eval_accuracy": 0.6332138590203107,
    "eval_f1": 0.581911038942238,
    "eval_loss": 0.9915757179260254,
    "eval_runtime": 3.1188,
    "eval_samples": 837,
    "eval_samples_per_second": 268.371,
    "eval_steps_per_second": 33.667,
    "total_flos": 784262940917760.0,
    "train_loss": 1.093247532200169,
    "train_runtime": 271.8009,
    "train_samples": 11840,
    "train_samples_per_second": 87.123,
    "train_steps_per_second": 5.445
}